id,days_since_signup,days_since_job_created,days_since_client_created,days_since_invoice_created,days_since_quote_created,country,industry,industry_category,added_user_count,accepted_added_user_count,job_count,client_count,invoice_count,quote_count,call_count,chat_count,demo_count,interaction_count,activity_count,note_count,last_nps_score,last_activity_type,days_since_activity_event,custom_field_count,property_custom_field_count,percent_added_users_accepted,job_count_over_client_count,job_count_over_invoice_count,job_count_over_quote_count,client_count_over_job_count,client_count_over_invoice_count,client_count_over_quote_count,invoice_count_over_job_count,invoice_count_over_client_count,invoice_count_over_quote_count,quote_count_over_job_count,quote_count_over_client_count,quote_count_over_invoice_count,days_since_interaction,approx_days_since_any_user_login,mobile_signup,campaign_group,campaign_string,engagement_score,days_since_basic_task_completed,days_since_payment_recieved,days_since_epayments_used,time_sheet_entries_used,users_logged_in,synced_to_quickbooks,phone_number,cancellation_request,account_value,plan_code,annual_plan,renewed
639,275,122,123,111,151,United States,Lawn Care & Lawn Maintenance,Green Industry,54,10,341,780,277,50,0,0,0,8,29,1,,32,0,0,0,18.51851851851852,0.437,1.231,6.82,2.287,2.816,15.6,0.812,0.355,5.54,0.147,0.064,0.181,2,2,false,Intuit,campaign(intuit_appcenter|try_buy),"",165,171,,true,false,true,false,true,0.0,jobber_basic_subscription_39,false,false
356,1117,32,12,12,15,United States,Lawn Care & Lawn Maintenance,Green Industry,0,0,34,196,144,136,3,0,0,6,46,1,,61,43,4,3,0.0,0.173,0.236,0.25,5.765,1.361,1.441,4.235,0.735,1.059,4.0,0.694,0.944,193,7,false,Organic Search,organic(google),"",4,9,261,false,false,false,false,false,29.0,base_plan_usd,false,true
640,529,59,59,201,63,United States,Renovations,Other,23,3,259,246,29,138,9,0,0,17,27,2,8,0,40,8,6,13.043478260869565,1.053,8.931,1.877,0.95,8.483,1.783,0.112,0.118,0.21,0.533,0.561,4.759,201,5,false,Organic Search,organic(google),"",45,185,,true,true,true,true,false,56.0,base_plan_usd,false,false
641,61,,,,,United States,Pest Control,Other,2,1,0,0,0,0,1,0,1,6,16,0,,2,20,6,4,50.0,0.0,0.0,0.0,0.0,0.0,0.0,0.0,0.0,0.0,0.0,0.0,0.0,20,13,false,Organic Search,organic(google),0,,,,false,true,false,true,true,39.0,jobber_basic_subscription_39,false,false
642,226,3,3,,,Canada,Residential Cleaning,Cleaning,15,10,317,266,0,0,1,0,0,14,29,1,,0,40,30,5,66.66666666666666,1.192,0.0,0.0,0.839,0.0,0.0,0.0,0.0,0.0,0.0,0.0,0.0,114,0,false,Paid Listing,campaign(capterra|capterra_service_dispatch),"",0,,,true,false,true,true,false,152.0,jobber_basic_subscription_39,false,true
643,301,43,75,,,Other,Residential Cleaning,Cleaning,3,0,40,15,0,0,0,0,0,6,20,0,8,2,27,1,0,0.0,2.667,0.0,0.0,0.375,0.0,0.0,0.0,0.0,0.0,0.0,0.0,0.0,27,25,false,Organic Search,organic(google),"",301,,,false,false,true,true,true,39.0,jobber_basic_subscription_39,false,false
644,103,77,98,,,United States,Lawn Care & Lawn Maintenance,Green Industry,1,0,6,152,0,0,1,0,1,11,21,0,,61,43,4,3,0.0,0.039,0.0,0.0,25.333,0.0,0.0,0.0,0.0,0.0,0.0,0.0,0.0,61,77,false,Organic Search,organic(google),20,77,,,false,true,true,true,false,48.0,jobber_basic_subscription_39,false,false
645,440,35,76,186,,United States,Residential Cleaning,Cleaning,4,0,332,163,754,0,5,0,0,7,28,1,7,32,0,1,0,0.0,2.037,0.44,0.0,0.491,0.216,0.0,2.271,4.626,0.0,0.0,0.0,0.0,49,0,false,Paid Search,campaign(adwords),"",,182,,false,true,false,false,true,0.0,jobber_basic_subscription_39,false,false
646,319,180,102,180,102,United States,Security and Alarm,Hi Tech,4,4,3,99,3,185,3,0,0,9,26,1,1,0,41,2,0,100.0,0.03,1.0,0.016,33.0,33.0,0.535,1.0,0.03,0.016,61.667,1.869,61.667,130,21,false,Paid Listing,campaign(capterra|capterra_security_system_installer|security system intaller),"",193,,,false,true,false,true,false,39.0,jobber_basic_subscription_39,false,false
19,314,4,7,3,6,United States,Lawn Care & Lawn Maintenance,Green Industry,3,2,153,180,412,78,6,0,0,14,29,0,,61,43,4,3,66.66666666666666,0.85,0.371,1.962,1.176,0.437,2.308,2.693,2.289,5.282,0.51,0.433,0.189,171,7,false,Direct,direct,"",220,3,3,true,true,true,true,false,58.0,jobber_basic_subscription_39,false,true
647,287,,81,5,81,United States,Lawn Care & Lawn Maintenance,Green Industry,3,2,0,50,23,3,0,0,0,11,23,0,,61,43,4,3,66.66666666666666,0.0,0.0,0.0,0.0,2.174,16.667,0.0,0.46,7.667,0.0,0.06,0.13,191,5,false,Internal,linked_by(getjobber.com),"",282,33,,false,true,false,true,false,39.0,jobber_basic_subscription_39,false,true
648,348,68,50,1,194,Other,Residential Cleaning,Cleaning,4,0,95,109,401,42,0,0,0,5,19,0,,61,38,2,0,0.0,0.872,0.237,2.262,1.147,0.272,2.595,4.221,3.679,9.548,0.442,0.385,0.105,238,7,false,Direct,direct,"",,1,,false,true,false,true,false,39.0,jobber_basic_subscription_39,false,true
342,121,,,,,United States,Snow Removal,Other,1,1,0,0,0,0,1,0,0,9,17,0,,1,28,2,0,100.0,0.0,0.0,0.0,0.0,0.0,0.0,0.0,0.0,0.0,0.0,0.0,0.0,28,6,false,Organic Search,organic(google),60,102,,,false,false,false,false,false,39.0,jobber_basic_subscription_39,false,false
649,554,195,195,97,271,United States,Lawn Care & Lawn Maintenance,Green Industry,3,0,19,18,65,8,3,0,0,9,35,1,,32,0,5,4,0.0,1.056,0.292,2.375,0.947,0.277,2.25,3.421,3.611,8.125,0.421,0.444,0.123,216,29,false,Paid Search,campaign(adwords),"",526,95,95,true,false,false,true,true,0.0,base_plan_usd,false,false
650,348,173,119,26,,Canada,Lawn Care & Lawn Maintenance,Green Industry,0,0,10,12,1,0,2,0,0,10,23,0,,61,43,4,3,0.0,0.833,10.0,0.0,1.2,12.0,0.0,0.1,0.083,0.0,0.0,0.0,0.0,119,12,true,Organic Search,organic(google),"",265,,,false,false,false,true,false,39.0,jobber_basic_subscription_39,false,true
502,269,5,8,211,96,United States,Pest Control,Other,2,1,482,654,29,7,0,0,0,5,17,0,,61,43,0,0,50.0,0.737,16.621,68.857,1.357,22.552,93.429,0.06,0.044,4.143,0.015,0.011,0.241,193,0,false,Paid Search,campaign(adwords),"",269,211,,true,false,true,true,false,51.0,jobber_basic_subscription_39,false,true
651,61,54,54,,,United States,Carpet Cleaning,Cleaning,0,0,1,2,0,0,1,0,1,7,15,0,,32,0,1,0,0.0,0.5,0.0,0.0,2.0,0.0,0.0,0.0,0.0,0.0,0.0,0.0,0.0,22,16,false,Organic Search,organic(yahoo),20,61,,,false,true,false,true,true,0.0,jobber_basic_subscription_39,false,false
652,468,0,0,90,5,United States,Electrical Contractor,Trade,14,7,2230,52,1672,60,6,0,0,11,20,2,,0,42,0,0,50.0,42.885,1.334,37.167,0.023,0.031,0.867,0.75,32.154,27.867,0.027,1.154,0.036,398,1,false,Organic Search,organic(google),"",7,82,,true,false,true,true,false,75.0,jobber_basic_subscription_39,false,true
653,287,2,2,2,1,United States,Construction & Contracting,Trade,8,7,33,103,66,59,0,0,0,8,24,0,,61,43,1,0,87.5,0.32,0.5,0.559,3.121,1.561,1.746,2.0,0.641,1.119,1.788,0.573,0.894,140,2,false,Internal,linked_by(getjobber.com),"",,1,,true,false,true,true,false,80.0,jobber_basic_subscription_39,false,true
654,701,148,172,97,148,United States,Lawn Care & Lawn Maintenance,Green Industry,2,2,186,213,366,301,9,0,0,15,48,1,10,32,0,14,12,100.0,0.873,0.508,0.618,1.145,0.582,0.708,1.968,1.718,1.216,1.618,1.413,0.822,8,8,false,Paid Listing,campaign(capterra|capterra_landscape),"",154,77,77,true,true,false,true,true,0.0,base_plan_usd,false,false
655,323,78,24,,23,United States,Security and Alarm,Hi Tech,1,1,4,10,0,10,1,0,0,8,15,0,,32,0,0,0,100.0,0.4,0.0,0.4,2.5,0.0,1.0,0.0,0.0,0.0,2.5,1.0,0.0,10,8,false,Organic Search,organic(google),30,99,,,false,true,false,true,true,0.0,jobber_basic_subscription_39,false,false
308,266,1,1,1,30,United States,Residential Cleaning,Cleaning,38,5,311,179,458,22,2,0,0,11,23,0,,61,29,1,0,13.157894736842104,1.737,0.679,14.136,0.576,0.391,8.136,1.473,2.559,20.818,0.071,0.123,0.048,136,4,false,Unknown,-,"",68,1,,true,false,false,true,false,39.0,jobber_basic_subscription_39,false,true
656,301,,206,,,United States,Commercial Cleaning,Cleaning,2,0,0,8,0,0,0,0,0,9,23,4,,61,43,1,0,0.0,0.0,0.0,0.0,0.0,0.0,0.0,0.0,0.0,0.0,0.0,0.0,0.0,136,10,false,Paid Search,campaign(bingads|bingads),"",,,,false,false,false,true,false,39.0,jobber_basic_subscription_39,false,false
657,92,34,31,,,United States,Commercial Cleaning,Cleaning,16,0,1,29,0,0,1,0,1,9,18,1,,2,17,1,0,0.0,0.034,0.0,0.0,29.0,0.0,0.0,0.0,0.0,0.0,0.0,0.0,0.0,17,10,false,Trade Show,campaign(ISSA|booth_path),20,80,,,false,false,true,true,true,62.0,jobber_basic_subscription_39,false,false
658,61,28,42,42,42,United States,Construction & Contracting,Trade,3,2,6,3,2,1,0,0,0,6,15,0,,2,2,2,1,66.66666666666666,2.0,3.0,6.0,0.5,1.5,3.0,0.333,0.667,2.0,0.167,0.333,0.5,2,2,true,Unknown,-,70,42,42,,false,true,true,false,true,39.0,jobber_basic_subscription_39,false,false
659,315,,276,,,United States,Lawn Care & Lawn Maintenance,Green Industry,1,1,0,41,0,0,1,0,0,11,26,0,,31,24,4,3,100.0,0.0,0.0,0.0,0.0,0.0,0.0,0.0,0.0,0.0,0.0,0.0,0.0,141,24,false,Organic Search,organic(google),"",,,,false,true,false,true,true,48.0,jobber_basic_subscription_39,false,false
660,442,81,81,106,,United States,Computers & IT,Hi Tech,5,0,58,193,3,0,5,0,0,10,17,0,,31,24,0,0,0.0,0.301,19.333,0.0,3.328,64.333,0.0,0.052,0.016,0.0,0.0,0.0,0.0,65,24,false,Intuit,campaign(intuit_appcenter|try_buy),80,135,241,,false,false,true,false,true,48.0,jobber_basic_subscription_39,false,false
661,122,,13,,,United States,Carpet Cleaning,Cleaning,2,2,0,2313,0,0,2,0,0,8,21,2,,31,3,7,0,100.0,0.0,0.0,0.0,0.0,0.0,0.0,0.0,0.0,0.0,0.0,0.0,0.0,18,2,false,Organic Search,organic(google),40,,,,true,true,true,true,true,71.0,jobber_basic_subscription_39,false,false
662,236,25,61,26,,United States,Residential Cleaning,Cleaning,7,0,4,1262,1,0,1,0,3,15,19,0,,50,1,3,0,0.0,0.003,4.0,0.0,315.5,1262.0,0.0,0.25,0.001,0.0,0.0,0.0,0.0,19,19,false,Referral,linked_by(cleaningbusinesstoday.com),10,,26,,false,false,false,true,false,53.0,jobber_basic_subscription_39,false,false
663,92,64,57,,,United States,Electrical Contractor,Trade,5,2,5,155,0,0,7,0,1,14,24,0,,32,0,0,0,40.0,0.032,0.0,0.0,31.0,0.0,0.0,0.0,0.0,0.0,0.0,0.0,0.0,26,31,false,Organic Search,organic(google),30,60,,,false,true,true,true,true,0.0,jobber_basic_subscription_39,false,false
664,256,,,,,United States,Lawn Care & Lawn Maintenance,Green Industry,3,2,0,0,0,0,2,0,0,10,21,0,,61,43,0,0,66.66666666666666,0.0,0.0,0.0,0.0,0.0,0.0,0.0,0.0,0.0,0.0,0.0,0.0,143,13,false,Unknown,-,"",,,,false,true,false,true,false,44.0,jobber_basic_subscription_39,false,false
293,1038,709,341,939,158,United States,Lawn Care & Lawn Maintenance,Green Industry,5,5,46,98,1,775,0,0,0,2,41,1,,32,0,0,0,100.0,0.469,46.0,0.059,2.13,98.0,0.126,0.022,0.01,0.001,16.848,7.908,775.0,15,16,false,Direct,direct,"",909,,,false,true,false,false,true,0.0,base_plan_usd,false,false
665,166,23,19,15,19,United States,Lawn Care & Lawn Maintenance,Green Industry,1,0,73,66,192,18,2,0,0,10,18,0,,61,43,4,3,0.0,1.106,0.38,4.056,0.904,0.344,3.667,2.63,2.909,10.667,0.247,0.273,0.094,114,19,false,Direct,direct,"",31,15,26,false,false,false,true,false,44.0,jobber_basic_subscription_39,false,true
666,452,13,33,249,103,United States,Renovations,Other,6,3,264,1923,1,18,1,0,0,6,21,1,9,61,43,1,0,50.0,0.137,264.0,14.667,7.284,1923.0,106.833,0.004,0.001,0.056,0.068,0.009,18.0,69,13,false,Intuit,campaign(intuit_appcenter|try_buy),"",146,,,true,true,true,false,false,84.0,jobber_basic_subscription_39,false,true
667,806,2,17,2,2,Other,HVAC,Trade,11,3,534,513,794,800,0,0,0,2,32,1,,61,43,2,0,27.27272727272727,1.041,0.673,0.668,0.961,0.646,0.641,1.487,1.548,0.993,1.498,1.559,1.008,259,2,false,Free Listing,linked_by(capterra.com),"",151,3,,true,false,false,true,false,61.0,base_plan_usd,false,true
216,612,3,14,8,41,Other,Residential Cleaning,Cleaning,3,3,87,60,47,15,1,0,0,12,39,1,,61,43,12,3,100.0,1.45,1.851,5.8,0.69,1.277,4.0,0.54,0.783,3.133,0.172,0.25,0.319,125,4,false,Paid Search,campaign(adwords),"",569,36,,true,true,true,true,false,61.0,base_plan_usd,false,false
668,103,16,20,4,37,United States,Other,Other,0,0,66,906,57,14,1,0,0,9,18,0,,50,38,0,0,0.0,0.073,1.158,4.714,13.727,15.895,64.714,0.864,0.063,4.071,0.212,0.015,0.246,68,6,false,Organic Search,organic(google),90,83,4,27,true,true,true,true,false,58.0,jobber_basic_subscription_39,false,true
669,457,222,222,,416,United States,Plumbing,Trade,4,4,2,1463,0,1,2,0,2,9,29,1,,31,28,0,0,100.0,0.001,0.0,2.0,731.5,0.0,1463.0,0.0,0.0,0.0,0.5,0.001,0.0,216,28,false,Paid Search,campaign(adwords),"",,,,false,true,true,true,true,75.0,jobber_basic_subscription_39,false,false
670,153,58,58,89,,United States,Lawn Care & Lawn Maintenance,Green Industry,1,1,10,8,2,0,1,0,0,8,21,0,8,32,0,4,3,100.0,1.25,5.0,0.0,0.8,4.0,0.0,0.2,0.25,0.0,0.0,0.0,0.0,70,7,false,Direct,direct,"",,89,,true,true,false,true,true,0.0,jobber_basic_subscription_39,false,false
565,349,285,278,279,278,United States,Handyman,Other,8,6,142,3678,55,96,5,0,0,30,49,0,,32,0,6,0,75.0,0.039,2.582,1.479,25.901,66.873,38.313,0.387,0.015,0.573,0.676,0.026,1.745,251,4,false,Intuit,linked_by(appcenter.intuit.com),"",284,282,,false,false,true,true,true,0.0,jobber_basic_subscription_39,false,false
281,305,70,92,26,249,United States,Lawn Care & Lawn Maintenance,Green Industry,1,0,5,7,17,5,2,0,0,18,32,0,,31,28,4,3,0.0,0.714,0.294,1.0,1.4,0.412,1.4,3.4,2.429,3.4,1.0,0.714,0.294,145,28,false,Paid Listing,campaign(capterra|capterra_landscape),"",70,26,,false,true,false,true,true,44.0,jobber_basic_subscription_39,false,false
671,396,19,78,19,371,United States,Networking & Communication,Hi Tech,6,3,291,7,292,1,2,0,1,21,40,0,,61,43,8,3,50.0,41.571,0.997,291.0,0.024,0.024,7.0,1.003,41.714,292.0,0.003,0.143,0.003,252,11,false,Paid Search,campaign(adwords),"",52,35,,true,true,true,true,false,58.0,jobber_basic_subscription_39,false,false
672,655,41,41,41,198,United States,Lawn Care & Lawn Maintenance,Green Industry,2,0,33,31,75,5,1,0,2,4,29,1,,61,33,5,4,0.0,1.065,0.44,6.6,0.939,0.413,6.2,2.273,2.419,15.0,0.152,0.161,0.067,258,10,false,Organic Search,organic(google),"",272,41,,false,false,false,true,false,29.0,base_plan_usd,false,true
673,503,105,42,7,65,United States,Lawn Care & Lawn Maintenance,Green Industry,0,0,8,45,91,14,5,0,0,16,36,1,,61,43,0,0,0.0,0.178,0.088,0.571,5.625,0.495,3.214,11.375,2.022,6.5,1.75,0.311,0.154,259,7,false,Unknown,-,"",65,8,,false,true,false,true,false,39.0,jobber_basic_subscription_39,false,true
674,133,14,14,18,,United States,Commercial Cleaning,Cleaning,11,7,16,7,1,0,7,0,0,23,38,2,,32,0,0,0,63.63636363636363,2.286,16.0,0.0,0.438,7.0,0.0,0.063,0.143,0.0,0.0,0.0,0.0,22,8,false,Paid Search,campaign(adwords),30,14,15,,false,true,false,false,true,0.0,jobber_basic_subscription_39,false,false
675,610,9,9,9,120,United States,Lawn Care & Lawn Maintenance,Green Industry,1,1,233,402,500,1,2,0,0,9,20,1,7,52,29,4,3,100.0,0.58,0.466,233.0,1.725,0.804,402.0,2.146,1.244,500.0,0.004,0.002,0.002,42,9,false,Organic Search,organic(google),"",124,6,,false,true,false,true,false,39.0,jobber_basic_subscription_39,false,true
676,183,58,58,58,174,United States,Lawn Care & Lawn Maintenance,Green Industry,0,0,17,16,47,1,0,0,0,2,14,0,,31,30,4,3,0.0,1.063,0.362,17.0,0.941,0.34,16.0,2.765,2.938,47.0,0.059,0.063,0.021,160,30,false,Organic Search,organic(bing),"",121,50,,false,true,true,true,true,48.0,jobber_basic_subscription_39,false,false
29,289,90,14,14,267,United States,Lawn Care & Lawn Maintenance,Green Industry,4,0,32,67,210,4,0,0,0,11,25,0,,61,43,4,3,0.0,0.478,0.152,8.0,2.094,0.319,16.75,6.563,3.134,52.5,0.125,0.06,0.019,146,7,false,Organic Search,organic(yahoo),"",,7,12,true,false,false,true,false,44.0,jobber_basic_subscription_39,false,true
677,30,,29,,29,United States,Renovations,Other,4,1,0,6,0,3,1,0,1,7,12,0,,2,0,1,0,25.0,0.0,0.0,0.0,0.0,0.0,2.0,0.0,0.0,0.0,0.0,0.5,0.0,0,1,false,Direct,direct,50,,,,false,false,true,true,true,75.0,jobber_basic_subscription_39,false,false
678,684,6,27,6,62,United States,Lawn Care & Lawn Maintenance,Green Industry,0,0,96,53,688,25,5,0,0,6,32,1,,61,43,7,3,0.0,1.811,0.14,3.84,0.552,0.077,2.12,7.167,12.981,27.52,0.26,0.472,0.036,260,1,false,Organic Search,organic(google),"",668,1,,false,true,false,true,false,29.0,base_plan_usd,false,true
679,742,,5,,5,Other,HVAC,Trade,0,0,0,118,0,267,1,0,0,2,29,1,,61,43,2,0,0.0,0.0,0.0,0.0,0.0,0.0,0.442,0.0,0.0,0.0,0.0,2.263,0.0,507,2,false,Internal,linked_by(getjobber.com),"",,,,false,false,false,true,false,29.0,base_plan_usd,false,true
680,30,8,9,,,United States,Lawn Care & Lawn Maintenance,Green Industry,1,0,116,60,0,0,1,0,1,9,14,0,,2,1,5,3,0.0,1.933,0.0,0.0,0.517,0.0,0.0,0.0,0.0,0.0,0.0,0.0,0.0,1,1,false,Paid Search,campaign(adwords),20,,,,false,false,false,true,true,39.0,jobber_basic_subscription_39,false,false
289,472,131,26,26,108,United States,Pest Control,Other,1,0,38,90,54,82,3,0,0,7,24,2,,0,51,1,0,0.0,0.422,0.704,0.463,2.368,1.667,1.098,1.421,0.6,0.659,2.158,0.911,1.519,94,26,true,Organic Search,organic(google),"",253,26,,true,true,true,true,false,56.0,jobber_basic_subscription_39,false,false
681,30,3,6,20,20,United States,HVAC,Trade,2,2,75,63,2,2,0,0,1,7,13,0,,2,3,1,0,100.0,1.19,37.5,37.5,0.84,31.5,31.5,0.027,0.032,1.0,0.027,0.032,1.0,3,3,false,Paid Listing,campaign(getapp|get_app),40,6,27,,true,true,false,false,true,48.0,jobber_basic_subscription_39,false,false
682,61,,,,,United States,Mechanical Service,Trade,3,2,0,0,0,0,2,0,1,5,16,2,,31,0,0,0,66.66666666666666,0.0,0.0,0.0,0.0,0.0,0.0,0.0,0.0,0.0,0.0,0.0,0.0,6,3,false,Organic Search,organic(google),10,,,,false,true,true,true,true,48.0,jobber_basic_subscription_39,false,false
683,183,91,83,91,,United States,Residential Cleaning,Cleaning,6,1,5,12,1,0,0,0,3,20,31,0,,2,24,1,0,16.666666666666664,0.417,5.0,0.0,2.4,12.0,0.0,0.2,0.083,0.0,0.0,0.0,0.0,24,26,false,Direct,direct,"",93,,,true,false,false,false,true,39.0,jobber_basic_subscription_39,false,false
684,214,79,23,31,75,Canada,Lawn Care & Lawn Maintenance,Green Industry,3,2,58,116,57,59,3,0,0,13,21,0,10,61,43,5,3,66.66666666666666,0.5,1.018,0.983,2.0,2.035,1.966,0.983,0.491,0.966,1.017,0.509,1.035,71,1,false,Intuit,linked_by(www.intuit.ca),80,66,0,,true,false,false,false,false,39.0,jobber_basic_subscription_39,false,true
582,179,,72,,,United States,Residential Cleaning,Cleaning,7,7,0,370,0,0,3,0,1,13,19,0,,1,11,0,0,100.0,0.0,0.0,0.0,0.0,0.0,0.0,0.0,0.0,0.0,0.0,0.0,0.0,11,60,false,Intuit,campaign(intuit_appcenter|try_buy),70,,,,false,false,true,false,false,112.0,jobber_basic_subscription_39,false,false
685,153,85,85,120,92,Other,Electrical Contractor,Trade,1,1,32,51,16,39,0,0,1,10,22,0,,32,0,1,0,100.0,0.627,2.0,0.821,1.594,3.188,1.308,0.5,0.314,0.41,1.219,0.765,2.438,122,29,false,Paid Search,campaign(adwords),50,127,116,,false,false,false,false,true,0.0,jobber_basic_subscription_39,false,false
686,215,15,20,,,Other,Residential Cleaning,Cleaning,4,1,45,30,0,0,1,0,0,31,42,0,,61,21,1,0,25.0,1.5,0.0,0.0,0.667,0.0,0.0,0.0,0.0,0.0,0.0,0.0,0.0,22,4,false,Paid Search,campaign(adwords),"",18,,,false,false,true,false,true,39.0,jobber_basic_subscription_39,false,true
687,245,144,84,84,130,United States,Lawn Care & Lawn Maintenance,Green Industry,3,0,17,34,33,17,0,0,0,9,22,0,,32,0,0,0,0.0,0.5,0.515,1.0,2.0,1.03,2.0,1.941,0.971,1.941,1.0,0.5,0.515,149,30,false,Paid Search,campaign(bingads|bingads),"",216,84,,false,false,false,false,true,0.0,jobber_basic_subscription_39,false,false
688,123,,123,,,United States,Plumbing,Trade,0,0,0,1,0,0,0,0,0,5,13,0,,32,0,0,0,0.0,0.0,0.0,0.0,0.0,0.0,0.0,0.0,0.0,0.0,0.0,0.0,0.0,72,29,false,Paid Search,campaign(adwords),0,,,,false,true,false,true,true,0.0,jobber_basic_subscription_39,false,false
689,214,95,95,72,,United States,Residential Cleaning,Cleaning,13,3,34,25,8,0,4,0,0,16,28,1,10,32,0,0,0,23.076923076923077,1.36,4.25,0.0,0.735,3.125,0.0,0.235,0.32,0.0,0.0,0.0,0.0,57,31,false,Internal,linked_by(getjobber.com),"",108,72,,true,false,false,true,true,0.0,jobber_basic_subscription_39,false,false
690,424,,,,,United States,Lawn Care & Lawn Maintenance,Green Industry,0,0,0,0,0,0,1,0,0,5,21,0,,61,43,0,0,0.0,0.0,0.0,0.0,0.0,0.0,0.0,0.0,0.0,0.0,0.0,0.0,0.0,227,17,false,Organic Search,organic(google),"",283,,,false,true,false,false,false,39.0,jobber_basic_subscription_39,false,false
691,134,80,80,80,,United States,Residential Cleaning,Cleaning,2,0,39,44,28,0,1,0,0,12,20,0,,61,43,1,0,0.0,0.886,1.393,0.0,1.128,1.571,0.0,0.718,0.636,0.0,0.0,0.0,0.0,59,54,false,Paid Search,campaign(adwords),70,112,87,,false,true,false,true,false,39.0,jobber_basic_subscription_39,false,false
692,654,557,163,8,,United States,Lawn Care & Lawn Maintenance,Green Industry,0,0,4,20,212,0,2,0,0,16,40,1,,61,43,8,5,0.0,0.2,0.019,0.0,5.0,0.094,0.0,53.0,10.6,0.0,0.0,0.0,0.0,262,10,false,Direct,direct,"",654,10,,false,true,false,false,false,29.0,base_plan_usd,false,true
693,61,16,16,,,United States,Residential Cleaning,Cleaning,2,1,19,27,0,0,1,0,2,7,14,0,,31,11,1,0,50.0,0.704,0.0,0.0,1.421,0.0,0.0,0.0,0.0,0.0,0.0,0.0,0.0,16,11,false,Paid Listing,campaign(capterra|capterra_maid_services),10,31,,,false,false,false,false,true,62.0,jobber_basic_subscription_39,false,false
694,296,,,,,United States,Other,Other,1,1,0,0,0,0,0,0,0,10,25,1,,31,3,0,0,100.0,0.0,0.0,0.0,0.0,0.0,0.0,0.0,0.0,0.0,0.0,0.0,0.0,190,4,false,Unknown,-,"",266,,,false,true,false,true,true,44.0,jobber_basic_subscription_39,false,false
695,533,134,26,,,United States,Electrical Contractor,Trade,6,1,2,377,0,0,5,0,0,13,36,1,,61,43,0,0,16.666666666666664,0.005,0.0,0.0,188.5,0.0,0.0,0.0,0.0,0.0,0.0,0.0,0.0,165,5,false,Intuit,linked_by(appcenter.intuit.com),"",1,,,false,false,true,true,false,29.0,base_plan_usd,false,true
696,183,109,108,116,110,Canada,Renovations,Other,3,1,12,92,2,7,0,0,0,5,14,0,,61,21,1,0,33.33333333333333,0.13,6.0,1.714,7.667,46.0,13.143,0.167,0.022,0.286,0.583,0.076,3.5,102,26,false,Direct,direct,"",,,,false,false,true,true,true,48.0,jobber_basic_subscription_39,false,false
697,92,,,,,United States,Residential Cleaning,Cleaning,1,1,0,0,0,0,3,0,1,14,23,0,,2,15,1,0,100.0,0.0,0.0,0.0,0.0,0.0,0.0,0.0,0.0,0.0,0.0,0.0,0.0,15,16,false,Unknown,-,0,,,,false,true,false,true,true,53.0,jobber_basic_subscription_39,false,false
698,60,4,6,4,,Canada,Lawn Care & Lawn Maintenance,Green Industry,6,1,42,1415,42,0,4,0,1,11,20,3,,31,3,6,4,16.666666666666664,0.03,1.0,0.0,33.69,33.69,0.0,1.0,0.03,0.0,0.0,0.0,0.0,3,5,false,Organic Search,organic(google),0,,4,,false,false,false,false,true,39.0,jobber_basic_subscription_39,false,false
699,379,293,303,265,293,United States,Lawn Care & Lawn Maintenance,Green Industry,5,0,14,75,24,13,0,0,0,7,22,0,,31,2,4,3,0.0,0.187,0.583,1.077,5.357,3.125,5.769,1.714,0.32,1.846,0.929,0.173,0.542,228,2,false,Unknown,-,"",318,297,,true,false,false,true,true,44.0,jobber_basic_subscription_39,false,false
700,122,23,23,24,88,United States,Other,Other,1,0,201,373,86,6,2,0,0,8,16,0,,31,13,5,1,0.0,0.539,2.337,33.5,1.856,4.337,62.167,0.428,0.231,14.333,0.03,0.016,0.07,74,13,false,Intuit,campaign(intuit_appcenter|try_buy),80,34,102,,true,false,true,false,true,48.0,jobber_basic_subscription_39,false,false
701,440,12,13,12,323,United States,Lawn Care & Lawn Maintenance,Green Industry,0,0,149,100,279,1,0,0,0,4,21,0,,61,43,4,3,0.0,1.49,0.534,149.0,0.671,0.358,100.0,1.872,2.79,279.0,0.007,0.01,0.004,264,6,false,Direct,direct,"",200,1,,false,true,false,false,false,39.0,jobber_basic_subscription_39,false,true
702,426,246,242,272,242,United States,Construction & Contracting,Trade,4,3,6,205,3,5,1,0,0,2,21,0,,31,27,11,0,75.0,0.029,2.0,1.2,34.167,68.333,41.0,0.5,0.015,0.6,0.833,0.024,1.667,426,27,false,Unknown,-,"",300,261,,false,true,false,true,true,39.0,jobber_basic_subscription_39,false,false
455,466,25,30,32,30,United States,Lawn Care & Lawn Maintenance,Green Industry,10,10,217,474,41,36,3,0,1,12,41,2,,31,10,9,6,100.0,0.458,5.293,6.028,2.184,11.561,13.167,0.189,0.086,1.139,0.166,0.076,0.878,12,10,false,Direct,direct,90,9,32,,true,true,true,true,true,57.0,jobber_basic_subscription_39,false,false
703,245,28,25,28,28,Other,Pressure Washing Service,Cleaning,0,0,54,44,34,14,0,0,1,7,21,1,9,31,14,5,3,0.0,1.227,1.588,3.857,0.815,1.294,3.143,0.63,0.773,2.429,0.259,0.318,0.412,165,7,false,Organic Search,organic(google),"",14,35,,true,true,false,true,true,39.0,jobber_basic_subscription_39,false,false
704,367,152,100,68,159,United States,Lawn Care & Lawn Maintenance,Green Industry,0,0,380,195,1198,14,0,0,0,18,36,0,9,31,17,4,3,0.0,1.949,0.317,27.143,0.513,0.163,13.929,3.153,6.144,85.571,0.037,0.072,0.012,73,17,false,Paid Search,campaign(adwords),"",213,37,77,false,true,false,true,true,44.0,jobber_basic_subscription_39,false,false
198,295,,2,,,United States,Plumbing,Trade,13,1,0,310,0,0,0,0,0,8,23,0,,61,43,0,0,7.6923076923076925,0.0,0.0,0.0,0.0,0.0,0.0,0.0,0.0,0.0,0.0,0.0,0.0,205,0,false,Paid Search,campaign(adwords),"",39,,,false,false,false,true,false,39.0,jobber_basic_subscription_39,false,true
705,276,48,48,34,115,United States,Residential Cleaning,Cleaning,11,1,277,204,180,3,1,0,0,8,24,0,,32,0,1,0,9.090909090909092,1.358,1.539,92.333,0.736,1.133,68.0,0.65,0.882,60.0,0.011,0.015,0.017,26,28,false,Unknown,-,"",110,34,34,true,false,true,true,true,0.0,jobber_basic_subscription_39,false,false
706,257,90,90,76,123,United States,Lawn Care & Lawn Maintenance,Green Industry,0,0,41,32,114,19,2,0,1,13,27,0,10,61,43,0,0,0.0,1.281,0.36,2.158,0.78,0.281,1.684,2.78,3.563,6.0,0.463,0.594,0.167,102,17,false,Unknown,-,"",96,57,75,false,true,true,false,false,44.0,jobber_basic_subscription_39,false,false
707,715,2,1,1,1,United States,Pest Control,Other,3,1,33,30,147,4,4,0,0,5,33,1,9,61,33,1,0,33.33333333333333,1.1,0.224,8.25,0.909,0.204,7.5,4.455,4.9,36.75,0.121,0.133,0.027,78,2,false,Organic Search,organic(bing),"",42,1,,true,false,false,true,false,29.0,base_plan_usd,false,true
708,42,15,29,15,,United States,Plumbing,Trade,2,2,3,286,2,0,1,0,1,5,12,0,,2,7,1,0,100.0,0.01,1.5,0.0,95.333,143.0,0.0,0.667,0.007,0.0,0.0,0.0,0.0,7,15,false,Organic Search,organic(google),10,,,,true,true,true,true,false,53.0,jobber_basic_subscription_39,false,false
478,273,34,28,17,41,United States,Lawn Care & Lawn Maintenance,Green Industry,1,1,22,127,159,3,4,0,0,13,20,1,,2,22,4,3,100.0,0.173,0.138,7.333,5.773,0.799,42.333,7.227,1.252,53.0,0.136,0.024,0.019,22,4,false,Unknown,-,10,273,4,,false,true,false,true,false,48.0,jobber_basic_subscription_39,false,true
709,167,134,135,135,,United States,HVAC,Trade,0,0,5,6,4,0,1,0,0,6,14,0,,61,43,1,0,0.0,0.833,1.25,0.0,1.2,1.5,0.0,0.8,0.667,0.0,0.0,0.0,0.0,118,9,false,Paid Search,campaign(adwords),30,135,135,,false,true,false,true,false,39.0,jobber_basic_subscription_39,false,false
710,622,252,252,526,621,Canada,Lawn Care & Lawn Maintenance,Green Industry,0,0,26,22,33,3,2,0,0,6,30,1,,31,12,0,0,0.0,1.182,0.788,8.667,0.846,0.667,7.333,1.269,1.5,11.0,0.115,0.136,0.091,264,12,false,Organic Search,organic(google),"",604,506,541,false,true,false,true,true,34.0,base_plan_usd,false,false
711,104,6,14,4,6,United States,Other,Other,1,0,2,10,2,1,2,0,1,6,14,0,,61,43,0,0,0.0,0.2,1.0,2.0,5.0,5.0,10.0,1.0,0.2,2.0,0.5,0.1,0.5,75,6,false,Organic Search,organic(bing),30,14,,,true,false,true,true,false,58.0,jobber_basic_subscription_39,false,true
712,1003,62,62,,62,United States,Residential Cleaning,Cleaning,1,0,1,1,0,1,6,0,0,10,25,1,,2,0,3,0,0.0,1.0,0.0,1.0,1.0,0.0,1.0,0.0,0.0,0.0,1.0,1.0,0.0,0,13,false,Internal,linked_by(blog.getjobber.com),0,,,,false,true,false,false,true,39.0,jobber_basic_subscription_39,false,false
713,232,89,13,13,41,United States,Other,Other,1,0,16,19,18,8,1,0,0,10,21,0,,32,0,0,0,0.0,0.842,0.889,2.0,1.188,1.056,2.375,1.125,0.947,2.25,0.5,0.421,0.444,134,8,false,Organic Search,organic(google),"",,70,,false,false,false,true,true,0.0,jobber_basic_subscription_39,false,false
714,318,84,84,84,232,United States,Residential Cleaning,Cleaning,22,0,521,463,483,2,0,0,0,3,18,0,,61,33,1,0,0.0,1.125,1.079,260.5,0.889,0.959,231.5,0.927,1.043,241.5,0.004,0.004,0.004,232,7,false,Organic Search,organic(google),"",,84,,true,false,true,true,false,53.0,jobber_basic_subscription_39,false,false
715,176,38,38,7,38,Canada,Lawn Care & Lawn Maintenance,Green Industry,1,0,16,22,15,10,1,0,0,9,15,0,,2,23,19,4,0.0,0.727,1.067,1.6,1.375,1.467,2.2,0.938,0.682,1.5,0.625,0.455,0.667,23,7,false,Paid Listing,campaign(capterra|capterra_landscape),60,77,21,,true,false,false,false,false,39.0,jobber_basic_subscription_39,false,false
349,134,,134,,,United States,Residential Cleaning,Cleaning,0,0,0,1,0,0,4,0,0,15,24,0,,31,7,0,0,0.0,0.0,0.0,0.0,0.0,0.0,0.0,0.0,0.0,0.0,0.0,0.0,0.0,7,7,false,Organic Search,organic(google),70,120,,,false,true,false,true,true,44.0,jobber_basic_subscription_39,false,false
716,657,,121,,,Canada,Lawn Care & Lawn Maintenance,Green Industry,1,0,0,74,0,0,8,0,0,9,30,1,,61,43,4,3,0.0,0.0,0.0,0.0,0.0,0.0,0.0,0.0,0.0,0.0,0.0,0.0,0.0,267,79,false,Organic Search,organic(google),"",638,,,false,false,false,true,false,29.0,base_plan_usd,false,true
717,97,,,,,United States,Residential Cleaning,Cleaning,0,0,0,0,0,0,4,0,0,4,15,1,,32,0,17,8,0.0,0.0,0.0,0.0,0.0,0.0,0.0,0.0,0.0,0.0,0.0,0.0,0.0,23,10,false,Internal,linked_by(secure.getjobber.com),60,,,,false,false,false,true,true,0.0,jobber_basic_subscription_39,false,false
48,979,176,38,168,190,United States,Renovations,Other,2,1,67,436,68,127,8,0,0,15,40,1,,1,160,1,0,50.0,0.154,0.985,0.528,6.507,6.412,3.433,1.015,0.156,0.535,1.896,0.291,1.868,160,15,false,Internal,linked_by(docs.getjobber.com),"",735,173,,false,false,true,true,false,0.0,base_plan_usd,false,false
718,127,84,84,,,Canada,Lawn Care & Lawn Maintenance,Green Industry,0,0,1,2,0,0,0,0,0,6,17,0,,32,0,0,0,0.0,0.5,0.0,0.0,2.0,0.0,0.0,0.0,0.0,0.0,0.0,0.0,0.0,23,23,false,Paid Listing,campaign(capterra|capterra_landscape),0,,,,false,true,false,false,true,0.0,jobber_basic_subscription_39,false,false
535,140,87,111,106,,United States,Residential Cleaning,Cleaning,2,2,24,26,25,0,5,0,0,17,33,1,,32,0,1,0,100.0,0.923,0.96,0.0,1.083,1.04,0.0,1.042,0.962,0.0,0.0,0.0,0.0,2,15,false,Paid Search,campaign(bingads|Commercial Cleaning),120,134,113,,true,true,true,true,true,0.0,jobber_basic_subscription_39,false,false
719,30,30,30,,30,United States,Flooring Service,Other,1,1,1,2,0,1,1,0,0,3,10,0,,32,0,1,0,100.0,0.5,0.0,1.0,2.0,0.0,2.0,0.0,0.0,0.0,1.0,0.5,0.0,9,30,false,Direct,direct,0,,,,false,true,false,true,true,0.0,jobber_basic_subscription_39,false,false
516,678,,85,0,,United States,Lawn Care & Lawn Maintenance,Green Industry,0,0,0,11,143,0,3,0,0,8,36,1,,2,16,4,3,0.0,0.0,0.0,0.0,0.0,0.077,0.0,0.0,13.0,0.0,0.0,0.0,0.0,16,2,false,Paid Search,campaign(adwords),70,678,0,0,false,true,false,true,false,34.0,base_plan_usd,false,true
720,553,,553,,,United States,Mechanical Service,Trade,1,0,0,2,0,0,2,0,0,7,20,1,,61,43,0,0,0.0,0.0,0.0,0.0,0.0,0.0,0.0,0.0,0.0,0.0,0.0,0.0,0.0,208,265,false,Organic Search,organic(google),"",,,,false,false,false,true,false,39.0,jobber_basic_subscription_39,false,false
721,672,34,81,34,34,Canada,Arborist / Tree Care,Green Industry,10,2,1537,1317,1206,1642,2,0,0,3,32,1,10,32,0,5,2,20.0,1.167,1.274,0.936,0.857,1.092,0.802,0.785,0.916,0.734,1.068,1.247,1.362,268,3,false,Organic Search,organic(google),"",169,34,,false,true,false,false,true,0.0,base_plan_usd,false,false
722,1153,16,16,14,13,United States,Mechanical Service,Trade,7,1,145,569,193,385,2,0,0,8,52,1,,61,33,6,0,14.285714285714285,0.255,0.751,0.377,3.924,2.948,1.478,1.331,0.339,0.501,2.655,0.677,1.995,198,3,false,Organic Search,organic(google),"",14,10,,false,false,false,true,false,38.0,base_plan_usd,false,false
723,61,48,48,46,46,United States,Lawn Care & Lawn Maintenance,Green Industry,1,0,19,34,7,8,3,0,1,10,17,1,,32,0,4,3,0.0,0.559,2.714,2.375,1.789,4.857,4.25,0.368,0.206,0.875,0.421,0.235,1.143,24,24,false,Organic Search,organic(bing),100,,26,26,false,false,true,false,true,0.0,jobber_basic_subscription_39,false,false
724,86,31,30,31,,United States,Lawn Care & Lawn Maintenance,Green Industry,0,0,2,8,5,0,5,0,2,12,20,1,,32,0,4,3,0.0,0.25,0.4,0.0,4.0,1.6,0.0,2.5,0.625,0.0,0.0,0.0,0.0,17,31,false,Paid Listing,campaign(capterra|capterra_landscape),50,70,72,,false,true,false,true,true,0.0,jobber_basic_subscription_39,false,false
725,105,18,7,1,16,United States,Electrical Contractor,Trade,2,1,34,50,81,29,4,0,0,8,15,0,,50,29,2,0,50.0,0.68,0.42,1.172,1.471,0.617,1.724,2.382,1.62,2.793,0.853,0.58,0.358,39,3,true,Paid Search,campaign(adwords),80,,21,,false,true,false,true,false,44.0,jobber_basic_subscription_39,false,true
726,165,7,10,11,25,United States,Electrical Contractor,Trade,2,2,25,112,105,25,3,0,1,10,21,0,,52,1,1,0,100.0,0.223,0.238,1.0,4.48,1.067,4.48,4.2,0.938,4.2,1.0,0.223,0.238,79,4,false,Organic Search,organic(google),90,107,9,,false,true,true,true,false,57.0,jobber_basic_subscription_39,false,true
727,407,0,0,1,0,United States,Residential Cleaning,Cleaning,31,10,1145,3720,2330,87,2,0,1,14,37,0,,61,31,1,0,32.25806451612903,0.308,0.491,13.161,3.249,1.597,42.759,2.035,0.626,26.782,0.076,0.023,0.037,81,4,false,Internal,linked_by(getjobber.com),"",2,1,23,true,false,true,true,false,94.0,jobber_basic_subscription_39,false,true
728,134,123,105,,,Other,Commercial Cleaning,Cleaning,5,0,2,3,0,0,3,0,1,16,26,0,,2,32,1,0,0.0,0.667,0.0,0.0,1.5,0.0,0.0,0.0,0.0,0.0,0.0,0.0,0.0,32,25,false,Paid Search,campaign(adwords),20,105,,,false,false,false,true,false,39.0,jobber_basic_subscription_39,false,true
347,167,35,35,41,35,Canada,Other,Other,7,1,5,9,3,2,1,0,0,8,22,1,,2,24,0,0,14.285714285714285,0.556,1.667,2.5,1.8,3.0,4.5,0.6,0.333,1.5,0.4,0.222,0.667,24,25,false,Intuit,campaign(Intuit Canada|Intuit Canada Add Ons),"",39,37,,true,true,false,true,true,44.0,jobber_basic_subscription_39,false,true
729,444,285,92,257,240,United States,Lawn Care & Lawn Maintenance,Green Industry,1,0,5,62,38,4,2,0,1,8,29,1,,31,3,1,0,0.0,0.081,0.132,1.25,12.4,1.632,15.5,7.6,0.613,9.5,0.8,0.065,0.105,191,3,false,Paid Search,campaign(adwords),"",,19,269,false,false,false,true,true,44.0,jobber_basic_subscription_39,false,false
730,81,1,1,1,2,United States,Plumbing,Trade,4,4,178,2128,155,18,3,0,2,15,23,1,10,2,11,8,0,100.0,0.084,1.148,9.889,11.955,13.729,118.222,0.871,0.073,8.611,0.101,0.008,0.116,11,4,false,Direct,direct,120,1,2,,true,false,true,true,false,89.0,jobber_basic_subscription_39,false,false
731,348,91,14,1,107,United States,Lawn Care & Lawn Maintenance,Green Industry,4,3,308,116,467,85,0,0,1,9,25,1,,61,43,6,4,75.0,2.655,0.66,3.624,0.377,0.248,1.365,1.516,4.026,5.494,0.276,0.733,0.182,251,2,false,Paid Listing,campaign(capterra|capterra_landscape),"",107,2,,true,true,false,true,false,48.0,jobber_basic_subscription_39,false,true
732,478,67,66,64,,United States,Electrical Contractor,Trade,0,0,214,78,230,0,1,0,1,12,25,1,,2,23,4,1,0.0,2.744,0.93,0.0,0.364,0.339,0.0,1.075,2.949,0.0,0.0,0.0,0.0,23,28,false,Organic Search,organic(google),"",68,62,,true,true,true,true,true,53.0,jobber_basic_subscription_39,false,true
199,320,118,50,90,106,United States,Lawn Care & Lawn Maintenance,Green Industry,2,0,80,80,148,32,0,0,0,13,29,0,8,2,30,4,3,0.0,1.0,0.541,2.5,1.0,0.541,2.5,1.85,1.85,4.625,0.4,0.4,0.216,30,31,false,Organic Search,organic(google),"",118,106,155,false,false,true,true,true,39.0,jobber_basic_subscription_39,false,false
733,293,13,25,4,38,Canada,Commercial Cleaning,Cleaning,7,7,59,42,242,10,6,0,1,20,37,0,8,61,18,9,4,100.0,1.405,0.244,5.9,0.712,0.174,4.2,4.102,5.762,24.2,0.169,0.238,0.041,23,3,false,Organic Search,organic(google),"",33,4,4,true,true,false,true,false,94.0,jobber_basic_subscription_39,false,true
497,593,42,5,42,5,Canada,Renovations,Other,22,3,24,20,31,34,2,0,0,5,30,1,,61,43,10,1,13.636363636363635,1.2,0.774,0.706,0.833,0.645,0.588,1.292,1.55,0.912,1.417,1.7,1.097,494,5,false,Paid Search,campaign(adwords),"",128,42,,true,false,false,false,false,38.0,base_plan_usd,false,true
734,104,0,6,68,,United States,"Door, Glass, or Blind Installation",Other,5,4,222,2071,4,0,1,0,1,6,14,0,,61,43,0,0,80.0,0.107,55.5,0.0,9.329,517.75,0.0,0.018,0.002,0.0,0.0,0.0,0.0,82,0,false,Paid Search,campaign(bingads|General),20,81,63,,false,false,true,true,false,80.0,jobber_basic_subscription_39,false,true
428,232,169,61,61,,United States,HVAC,Trade,1,0,6,63,59,0,1,0,1,7,17,0,,61,38,0,0,0.0,0.095,0.102,0.0,10.5,1.068,0.0,9.833,0.937,0.0,0.0,0.0,0.0,171,56,true,Unknown,-,"",186,61,,false,false,false,true,false,39.0,jobber_basic_subscription_39,false,false
735,379,13,5,1,7,United States,Pressure Washing Service,Cleaning,3,2,69,129,81,126,0,0,0,5,21,1,,61,38,0,0,66.66666666666666,0.535,0.852,0.548,1.87,1.593,1.024,1.174,0.628,0.643,1.826,0.977,1.556,265,1,false,Intuit,linked_by(appcenter.intuit.com),"",288,1,,true,true,false,true,false,44.0,jobber_basic_subscription_39,false,true
736,287,63,21,63,28,United States,HVAC,Trade,1,1,34,51,50,20,0,0,2,9,21,0,,61,43,6,0,100.0,0.667,0.68,1.7,1.5,1.02,2.55,1.471,0.98,2.5,0.588,0.392,0.4,213,21,false,Organic Search,organic(google),"",82,63,,false,true,false,true,false,39.0,jobber_basic_subscription_39,false,true
737,245,46,75,45,,United States,Commercial Cleaning,Cleaning,12,1,329,144,338,0,4,0,3,18,31,1,,2,28,5,2,8.333333333333332,2.285,0.973,0.0,0.438,0.426,0.0,1.027,2.347,0.0,0.0,0.0,0.0,28,21,false,Intuit,campaign(intuit_appcenter|try_buy),"",245,46,,false,true,true,false,true,66.0,jobber_basic_subscription_39,false,false
738,259,41,24,28,36,Other,Pest Control,Other,1,1,3,1163,14,3,0,0,0,11,16,0,,32,0,0,0,100.0,0.003,0.214,1.0,387.667,83.071,387.667,4.667,0.012,4.667,1.0,0.003,0.214,14,12,false,Paid Search,campaign(adwords),60,,28,,false,true,false,false,true,0.0,jobber_basic_subscription_39,false,true
739,287,40,19,28,19,United States,HVAC,Trade,0,0,78,91,67,27,1,0,0,4,17,1,,61,43,1,0,0.0,0.857,1.164,2.889,1.167,1.358,3.37,0.859,0.736,2.481,0.346,0.297,0.403,237,15,false,Paid Search,campaign(adwords),"",,111,,false,true,false,true,false,39.0,jobber_basic_subscription_39,false,true
740,300,170,161,,,Canada,Window Washing,Cleaning,8,5,276,499,0,0,4,0,0,20,32,1,,1,20,4,3,62.5,0.553,0.0,0.0,1.808,0.0,0.0,0.0,0.0,0.0,0.0,0.0,0.0,20,22,false,Paid Search,campaign(adwords),"",,,,false,true,true,true,true,48.0,jobber_basic_subscription_39,false,false
544,459,125,296,55,295,United States,Window Washing,Cleaning,0,0,59,10,177,7,5,0,2,16,34,0,,2,22,1,0,0.0,5.9,0.333,8.429,0.169,0.056,1.429,3.0,17.7,25.286,0.119,0.7,0.04,22,21,false,Organic Search,organic(google),"",101,89,,false,true,true,true,false,48.0,jobber_basic_subscription_39,false,false
741,216,78,78,197,,United States,Construction & Contracting,Trade,2,1,14,13,5,0,0,0,0,6,18,1,,2,16,0,0,50.0,1.077,2.8,0.0,0.929,2.6,0.0,0.357,0.385,0.0,0.0,0.0,0.0,16,16,false,Intuit,campaign(intuit_appcenter|try_buy),"",,,,false,true,true,false,true,39.0,jobber_basic_subscription_39,false,false
86,484,4,5,4,4,Canada,Handyman,Other,0,0,286,93,429,64,3,0,2,19,42,2,9,61,40,0,0,0.0,3.075,0.667,4.469,0.325,0.217,1.453,1.5,4.613,6.703,0.224,0.688,0.149,83,3,true,Paid Search,campaign(bingads|bingads),"",4,8,,true,false,true,true,false,48.0,jobber_basic_subscription_39,false,true
580,497,9,1,9,334,United States,Handyman,Other,327,11,6731,11421,340,23,4,0,1,15,50,5,,61,43,4,0,3.3639143730886847,0.589,19.797,292.652,1.697,33.591,496.565,0.051,0.03,14.783,0.003,0.002,0.068,239,2,false,Paid Search,campaign(adwords),"",404,186,341,false,true,true,true,false,66.0,jobber_basic_subscription_39,false,false
742,183,133,133,161,133,United States,Roofing Service,Other,3,1,2,1753,1,4,1,0,0,8,18,0,,2,29,21,0,33.33333333333333,0.001,2.0,0.5,876.5,1753.0,438.25,0.5,0.001,0.25,2.0,0.002,4.0,29,29,false,Organic Search,organic(google),"",133,,,false,false,true,true,true,66.0,jobber_basic_subscription_39,false,false
100,530,41,1,1,1,United States,Renovations,Other,7,3,123,980,99,105,1,0,2,9,34,1,,61,43,2,0,42.857142857142854,0.126,1.242,1.171,7.967,9.899,9.333,0.805,0.101,0.943,0.854,0.107,1.061,252,1,true,Organic Search,organic(google),"",117,55,65,true,true,false,true,false,43.0,base_plan_usd,false,true
743,643,156,156,128,,Other,Window Washing,Cleaning,2,1,562,749,1302,0,1,0,0,10,23,2,9,2,14,1,0,50.0,0.75,0.432,0.0,1.333,0.575,0.0,2.317,1.738,0.0,0.0,0.0,0.0,14,17,false,Paid Listing,campaign(getapp|get_app),"",159,128,,false,false,false,true,true,29.0,base_plan_usd,false,false
744,195,,75,58,140,United States,Other,Other,0,0,0,64,64,3,0,0,0,5,14,0,,52,34,0,0,0.0,0.0,0.0,0.0,0.0,1.0,21.333,0.0,1.0,21.333,0.0,0.047,0.047,113,2,false,Paid Search,campaign(adwords),"",,7,,false,true,false,true,false,39.0,jobber_basic_subscription_39,false,false
745,379,1,19,1,1,United States,Pool and Spa Service,Other,0,0,53,133,62,143,0,0,0,3,19,0,,61,43,3,2,0.0,0.398,0.855,0.371,2.509,2.145,0.93,1.17,0.466,0.434,2.698,1.075,2.306,267,2,false,Referral,linked_by(lawnsite.com),"",336,14,57,false,false,true,true,false,53.0,jobber_basic_subscription_39,false,true
746,412,21,12,12,15,United States,Flooring Service,Other,3,3,7,97,5,17,2,0,1,6,13,2,,31,6,0,0,100.0,0.072,1.4,0.412,13.857,19.4,5.706,0.714,0.052,0.294,2.429,0.175,3.4,22,9,false,Intuit,linked_by(appcenter.intuit.com),50,12,12,,true,true,true,true,true,66.0,jobber_basic_subscription_39,false,false
747,195,1,100,1,65,United States,HVAC,Trade,1,1,39,18,44,22,0,0,0,6,15,0,,61,43,1,0,100.0,2.167,0.886,1.773,0.462,0.409,0.818,1.128,2.444,2.0,0.564,1.222,0.5,175,1,false,Organic Search,organic(google),"",81,1,81,true,true,false,true,false,39.0,jobber_basic_subscription_39,false,true
748,92,28,29,,,Other,Pest Control,Other,4,4,12,1180,0,0,2,0,1,28,40,4,,32,0,2,0,100.0,0.01,0.0,0.0,98.333,0.0,0.0,0.0,0.0,0.0,0.0,0.0,0.0,24,24,false,Paid Listing,campaign(getapp|get_app),110,,,,true,true,true,false,true,0.0,jobber_basic_subscription_39,false,false
376,373,113,71,70,70,United States,HVAC,Trade,4,1,9,2259,14,42,1,0,0,7,19,0,,32,0,0,0,25.0,0.004,0.643,0.214,251.0,161.357,53.786,1.556,0.006,0.333,4.667,0.019,3.0,31,31,false,Direct,direct,"",,157,,false,false,true,true,true,0.0,jobber_basic_subscription_39,false,false
749,603,489,489,576,,United States,Lawn Care & Lawn Maintenance,Green Industry,13,11,64,26,1,0,4,0,0,16,41,1,,61,43,8,1,84.61538461538461,2.462,64.0,0.0,0.406,26.0,0.0,0.016,0.038,0.0,0.0,0.0,0.0,275,2,false,Organic Search,organic(google),"",583,,,true,true,false,true,false,70.0,base_plan_usd,false,true
554,308,74,28,16,79,United States,Carpet Cleaning,Cleaning,1,0,22,1397,119,5,1,0,1,17,32,1,,2,24,28,0,0.0,0.016,0.185,4.4,63.5,11.739,279.4,5.409,0.085,23.8,0.227,0.004,0.042,24,2,false,Paid Listing,campaign(capterra|capterra_field_service_management),"",300,2,,false,false,false,true,false,39.0,jobber_basic_subscription_39,false,true
750,396,130,127,108,130,United States,Lawn Care & Lawn Maintenance,Green Industry,2,0,71,61,102,7,1,0,0,9,27,0,,32,0,4,3,0.0,1.164,0.696,10.143,0.859,0.598,8.714,1.437,1.672,14.571,0.099,0.115,0.069,274,1,false,Organic Search,organic(google),"",308,108,,false,false,false,true,true,0.0,jobber_basic_subscription_39,false,false
751,196,17,184,17,,United States,Other,Other,3,3,174,21,168,0,2,0,0,13,24,1,7,53,30,5,0,100.0,8.286,1.036,0.0,0.121,0.125,0.0,0.966,8.0,0.0,0.0,0.0,0.0,115,17,true,Unknown,-,"",43,81,,false,true,true,true,false,57.0,jobber_basic_subscription_39,false,true
752,372,101,101,,372,United States,Other,Other,4,0,301,1367,0,1,0,0,0,6,23,0,,32,0,0,0,0.0,0.22,0.0,301.0,4.542,0.0,1367.0,0.0,0.0,0.0,0.003,0.001,0.0,31,31,false,Intuit,campaign(intuit_appcenter|try_buy),"",276,,,false,false,true,false,true,0.0,jobber_basic_subscription_39,false,false
753,195,13,14,13,,United States,Renovations,Other,0,0,166,72,165,0,5,0,0,12,21,0,,52,29,2,0,0.0,2.306,1.006,0.0,0.434,0.436,0.0,0.994,2.292,0.0,0.0,0.0,0.0,73,14,false,Intuit,campaign(intuit_appcenter|try_buy),"",14,14,,true,true,true,false,false,48.0,jobber_basic_subscription_39,false,true
754,182,138,165,158,,Other,Other,Other,3,3,32,389,1,0,0,0,1,15,26,0,9,2,18,1,0,100.0,0.082,32.0,0.0,12.156,389.0,0.0,0.031,0.003,0.0,0.0,0.0,0.0,18,21,false,Intuit,campaign(Intuit Australia|Intuit Australia add ons),80,141,,,false,true,true,true,true,66.0,jobber_basic_subscription_39,false,false
755,128,105,57,67,99,United States,Lawn Care & Lawn Maintenance,Green Industry,1,1,1,20,6,3,3,0,0,8,18,0,,2,3,4,3,100.0,0.05,0.167,0.333,20.0,3.333,6.667,6.0,0.3,2.0,3.0,0.15,0.5,3,4,false,Paid Search,campaign(adwords),50,106,58,,false,true,false,true,true,39.0,jobber_basic_subscription_39,false,false
756,719,96,30,30,39,United States,Lawn Care & Lawn Maintenance,Green Industry,7,0,76,88,212,28,1,0,0,4,20,1,,31,10,0,0,0.0,0.864,0.358,2.714,1.158,0.415,3.143,2.789,2.409,7.571,0.368,0.318,0.132,217,10,true,Free Listing,linked_by(capterra.com),"",216,10,,true,false,true,false,true,56.0,jobber_basic_subscription_39,false,false
757,231,197,105,197,231,United States,Other,Other,8,3,19,34,1,1,1,0,0,11,23,1,,2,29,2,0,37.5,0.559,19.0,19.0,1.789,34.0,34.0,0.053,0.029,1.0,0.053,0.029,1.0,29,30,false,Direct,direct,"",171,,,true,false,true,true,true,53.0,jobber_basic_subscription_39,false,false
758,360,115,177,226,298,United States,Lawn Care & Lawn Maintenance,Green Industry,16,5,203,128,74,11,0,0,0,9,25,1,,31,3,6,3,31.25,1.586,2.743,18.455,0.631,1.73,11.636,0.365,0.578,6.727,0.054,0.086,0.149,235,3,false,Organic Search,organic(google),"",263,,,true,false,false,true,true,44.0,jobber_basic_subscription_39,false,false
759,277,178,40,,,United States,HVAC,Trade,2,1,5,255,0,0,0,0,3,10,25,1,,32,0,1,0,50.0,0.02,0.0,0.0,51.0,0.0,0.0,0.0,0.0,0.0,0.0,0.0,0.0,18,18,false,Unknown,-,"",254,,,false,true,false,true,true,0.0,jobber_basic_subscription_39,false,false
760,214,97,97,97,214,United States,Pressure Washing Service,Cleaning,0,0,5,4,6,1,0,0,0,5,17,0,,32,0,1,0,0.0,1.25,0.833,5.0,0.8,0.667,4.0,1.2,1.5,6.0,0.2,0.25,0.167,19,23,false,Organic Search,organic(google),"",97,97,,false,true,false,true,true,0.0,jobber_basic_subscription_39,false,false
761,214,23,23,44,158,United States,Handyman,Other,6,1,4,1960,2,1,0,0,0,7,18,0,,2,2,2,0,16.666666666666664,0.002,2.0,4.0,490.0,980.0,1960.0,0.5,0.001,2.0,0.25,0.001,0.5,2,4,false,Intuit,campaign(intuit_appcenter|try_buy),"",164,151,,false,false,true,false,true,48.0,jobber_basic_subscription_39,false,false
762,306,116,151,116,180,Other,Flooring Service,Other,0,0,26,10,38,20,0,0,0,6,21,0,,32,0,1,0,0.0,2.6,0.684,1.3,0.385,0.263,0.5,1.462,3.8,1.9,0.769,2.0,0.526,217,2,false,Unknown,-,"",237,51,,false,true,false,true,true,0.0,jobber_basic_subscription_39,false,false
763,59,,59,12,33,United States,Commercial Cleaning,Cleaning,0,0,0,7,31,1,1,0,0,3,11,0,,32,0,1,0,0.0,0.0,0.0,0.0,0.0,0.226,7.0,0.0,4.429,31.0,0.0,0.143,0.032,11,12,false,Paid Listing,campaign(capterra|capterra_maid_services),40,,12,,false,true,false,true,true,0.0,jobber_basic_subscription_39,false,false
764,90,81,38,47,36,United States,Electrical Contractor,Trade,2,1,2,21,1,15,2,0,0,11,24,0,,32,0,1,0,50.0,0.095,2.0,0.133,10.5,21.0,1.4,0.5,0.048,0.067,7.5,0.714,15.0,37,10,false,Direct,direct,20,75,,,false,false,true,true,true,0.0,jobber_basic_subscription_39,false,false
765,92,31,25,38,38,United States,Other,Other,2,2,37,400,9,7,3,0,1,7,20,0,8,32,0,0,0,100.0,0.093,4.111,5.286,10.811,44.444,57.143,0.243,0.023,1.286,0.189,0.018,0.778,18,18,false,Organic Search,organic(google),40,,25,,false,true,true,true,true,0.0,jobber_basic_subscription_39,false,false
766,89,,,,,United States,Renovations,Other,8,7,0,0,0,0,4,0,0,10,18,0,,32,0,1,0,87.5,0.0,0.0,0.0,0.0,0.0,0.0,0.0,0.0,0.0,0.0,0.0,0.0,26,28,false,Paid Listing,campaign(capterra|capterra_scheduling),60,,,,true,false,false,true,true,0.0,jobber_basic_subscription_39,false,false
